1,This is a test!,false,not done
2,This is a test!,true,""
3,This is a test!,true,these are tags
4,This is a test!,false,not done
5,This is a test!,false,
6,This is a test!,false,
7,This is a test!,false,
8,This is a test!,false,
9,This is a test!,false,
10,This is a test!,false,
11,This is a test!,false,
12,This is a test!,false,
13,This is my first todo,true,
14,"",true,[]
15,finished to do!,true,[]
16,do the locomotion!,false,[]
17,Comon Comon do the locomotion,false,""
18,This is a todo test,false,""
